--
-- PostgreSQL database dump
--

-- Dumped from database version 10.3
-- Dumped by pg_dump version 10.3

SET statement_timeout = 0;
SET lock_timeout = 0;
SET idle_in_transaction_session_timeout = 0;
SET client_encoding = 'UTF8';
SET standard_conforming_strings = on;
SELECT pg_catalog.set_config('search_path', '', false);
SET check_function_bodies = false;
SET client_min_messages = warning;
SET row_security = off;

--
-- Data for Name: auth_group; Type: TABLE DATA; Schema: public; Owner: postgres
--

COPY public.auth_group (id, name) FROM stdin;
\.


--
-- Data for Name: django_content_type; Type: TABLE DATA; Schema: public; Owner: postgres
--

COPY public.django_content_type (id, app_label, model) FROM stdin;
1	admin	logentry
2	auth	user
3	auth	permission
4	auth	group
5	contenttypes	contenttype
6	sessions	session
7	listings	listing
8	realtors	realtor
\.


--
-- Data for Name: auth_permission; Type: TABLE DATA; Schema: public; Owner: postgres
--

COPY public.auth_permission (id, name, content_type_id, codename) FROM stdin;
1	Can add log entry	1	add_logentry
2	Can change log entry	1	change_logentry
3	Can delete log entry	1	delete_logentry
4	Can view log entry	1	view_logentry
5	Can add user	2	add_user
6	Can change user	2	change_user
7	Can delete user	2	delete_user
8	Can view user	2	view_user
9	Can add permission	3	add_permission
10	Can change permission	3	change_permission
11	Can delete permission	3	delete_permission
12	Can view permission	3	view_permission
13	Can add group	4	add_group
14	Can change group	4	change_group
15	Can delete group	4	delete_group
16	Can view group	4	view_group
17	Can add content type	5	add_contenttype
18	Can change content type	5	change_contenttype
19	Can delete content type	5	delete_contenttype
20	Can view content type	5	view_contenttype
21	Can add session	6	add_session
22	Can change session	6	change_session
23	Can delete session	6	delete_session
24	Can view session	6	view_session
25	Can add listing	7	add_listing
26	Can change listing	7	change_listing
27	Can delete listing	7	delete_listing
28	Can view listing	7	view_listing
29	Can add realtor	8	add_realtor
30	Can change realtor	8	change_realtor
31	Can delete realtor	8	delete_realtor
32	Can view realtor	8	view_realtor
\.


--
-- Data for Name: auth_group_permissions; Type: TABLE DATA; Schema: public; Owner: postgres
--

COPY public.auth_group_permissions (id, group_id, permission_id) FROM stdin;
\.


--
-- Data for Name: auth_user; Type: TABLE DATA; Schema: public; Owner: postgres
--

COPY public.auth_user (id, password, last_login, is_superuser, username, first_name, last_name, email, is_staff, is_active, date_joined) FROM stdin;
1	pbkdf2_sha256$120000$UlZ3F4SQhDnl$aUkeepeFtKYb5gepdxwDIxRVv9y5nvL+TXxgF+5A4Lo=	2018-11-28 03:46:28.319319+09	t	btre				t	t	2018-11-25 05:15:08.557469+09
\.


--
-- Data for Name: auth_user_groups; Type: TABLE DATA; Schema: public; Owner: postgres
--

COPY public.auth_user_groups (id, user_id, group_id) FROM stdin;
\.


--
-- Data for Name: auth_user_user_permissions; Type: TABLE DATA; Schema: public; Owner: postgres
--

COPY public.auth_user_user_permissions (id, user_id, permission_id) FROM stdin;
\.


--
-- Data for Name: django_admin_log; Type: TABLE DATA; Schema: public; Owner: postgres
--

COPY public.django_admin_log (id, action_time, object_id, object_repr, action_flag, change_message, content_type_id, user_id) FROM stdin;
1	2018-11-25 06:03:15.458681+09	1	김건범	1	[{"added": {}}]	8	1
2	2018-11-25 06:07:58.450219+09	1	김건범	2	[{"changed": {"fields": ["photo"]}}]	8	1
3	2018-11-25 06:11:21.789065+09	1	김건범	2	[]	8	1
4	2018-11-25 06:12:12.144702+09	2	정명훈	1	[{"added": {}}]	8	1
5	2018-11-25 06:13:08.086458+09	3	안나라	1	[{"added": {}}]	8	1
6	2018-11-25 06:13:28.470997+09	3	안나라	2	[{"changed": {"fields": ["description"]}}]	8	1
7	2018-11-25 06:13:33.138998+09	2	정명훈	2	[{"changed": {"fields": ["description"]}}]	8	1
8	2018-11-25 06:13:38.442509+09	1	김건범	2	[{"changed": {"fields": ["description"]}}]	8	1
9	2018-11-25 06:15:52.039681+09	1	독산동 1가 1002번지 독채	1	[{"added": {}}]	7	1
10	2018-11-25 06:17:37.075399+09	2	강남구 연남동 3가 독채	1	[{"added": {}}]	7	1
11	2018-11-25 06:19:25.317722+09	3	동래구 사직3동 사직로 3가 독채	1	[{"added": {}}]	7	1
12	2018-11-25 06:20:48.337308+09	4	기린동 4가 52번지 독채	1	[{"added": {}}]	7	1
13	2018-11-25 06:22:10.680791+09	5	팔진구 팔사동 암사로 12가 독채	1	[{"added": {}}]	7	1
14	2018-11-25 06:23:47.494503+09	6	발산구 체령동 양화23가 독채	1	[{"added": {}}]	7	1
15	2018-11-25 08:44:12.227959+09	6	발산구 체령동 양화23가 독채	2	[{"changed": {"fields": ["is_published"]}}]	7	1
16	2018-11-28 03:46:40.332551+09	1	김건범	2	[{"changed": {"fields": ["is_mvp"]}}]	8	1
17	2018-11-28 03:59:43.594819+09	2	정명훈	2	[{"changed": {"fields": ["is_mvp"]}}]	8	1
18	2018-11-28 06:27:27.631499+09	6	발산구 체령동 양화23가 독채	2	[{"changed": {"fields": ["description"]}}]	7	1
\.


--
-- Data for Name: django_migrations; Type: TABLE DATA; Schema: public; Owner: postgres
--

COPY public.django_migrations (id, app, name, applied) FROM stdin;
1	contenttypes	0001_initial	2018-11-25 05:14:26.401488+09
2	auth	0001_initial	2018-11-25 05:14:27.352826+09
3	admin	0001_initial	2018-11-25 05:14:27.541853+09
4	admin	0002_logentry_remove_auto_add	2018-11-25 05:14:27.55382+09
5	admin	0003_logentry_add_action_flag_choices	2018-11-25 05:14:27.580816+09
6	contenttypes	0002_remove_content_type_name	2018-11-25 05:14:27.610819+09
7	auth	0002_alter_permission_name_max_length	2018-11-25 05:14:27.620842+09
8	auth	0003_alter_user_email_max_length	2018-11-25 05:14:27.631843+09
9	auth	0004_alter_user_username_opts	2018-11-25 05:14:27.645845+09
10	auth	0005_alter_user_last_login_null	2018-11-25 05:14:27.66984+09
11	auth	0006_require_contenttypes_0002	2018-11-25 05:14:27.67184+09
12	auth	0007_alter_validators_add_error_messages	2018-11-25 05:14:27.685843+09
13	auth	0008_alter_user_username_max_length	2018-11-25 05:14:27.757193+09
14	auth	0009_alter_user_last_name_max_length	2018-11-25 05:14:27.774188+09
15	sessions	0001_initial	2018-11-25 05:14:27.946196+09
16	realtors	0001_initial	2018-11-25 05:45:43.435071+09
17	listings	0001_initial	2018-11-25 05:45:43.624082+09
\.


--
-- Data for Name: django_session; Type: TABLE DATA; Schema: public; Owner: postgres
--

COPY public.django_session (session_key, session_data, expire_date) FROM stdin;
mw492dhy07do9e4f1ufzr4gr1iv78ph8	MzZlZDdmMzYyMWFmYWJhYTM5N2M4NjhmMGVjNzc3OTlkM2JlODkyOTp7Il9hdXRoX3VzZXJfaWQiOiIxIiwiX2F1dGhfdXNlcl9oYXNoIjoiMDFjMDNkZmU5ZjI3Y2NlZDY1MTJjNzIyZjM3OWE2OTMyMGM4NzdhMiIsIl9hdXRoX3VzZXJfYmFja2VuZCI6ImRqYW5nby5jb250cmliLmF1dGguYmFja2VuZHMuTW9kZWxCYWNrZW5kIn0=	2018-12-09 05:15:15.771943+09
lhvowhhtwpcjph8ocwjmpx16mbur2z5j	YTlmNDk0ZWQ4NWY0MzI2N2ZhYmVlZGIxYjZmY2U1NzRhYTUxYWQzZTp7Il9hdXRoX3VzZXJfaGFzaCI6IjAxYzAzZGZlOWYyN2NjZWQ2NTEyYzcyMmYzNzlhNjkzMjBjODc3YTIiLCJfYXV0aF91c2VyX2lkIjoiMSIsIl9hdXRoX3VzZXJfYmFja2VuZCI6ImRqYW5nby5jb250cmliLmF1dGguYmFja2VuZHMuTW9kZWxCYWNrZW5kIn0=	2018-12-09 05:57:08.265323+09
c44oosrxs1tw0h8bdxlo5thp0mw266ra	MzZlZDdmMzYyMWFmYWJhYTM5N2M4NjhmMGVjNzc3OTlkM2JlODkyOTp7Il9hdXRoX3VzZXJfaWQiOiIxIiwiX2F1dGhfdXNlcl9oYXNoIjoiMDFjMDNkZmU5ZjI3Y2NlZDY1MTJjNzIyZjM3OWE2OTMyMGM4NzdhMiIsIl9hdXRoX3VzZXJfYmFja2VuZCI6ImRqYW5nby5jb250cmliLmF1dGguYmFja2VuZHMuTW9kZWxCYWNrZW5kIn0=	2018-12-12 03:46:28.32744+09
\.


--
-- Data for Name: realtors_realtor; Type: TABLE DATA; Schema: public; Owner: postgres
--

COPY public.realtors_realtor (id, name, photo, description, phone, email, is_mvp, hire_date) FROM stdin;
3	안나라	photos/2018/11/25/girl.png	나라 부동산 중개인 Lorem ipsum dolor sit amet, consectetur adipiscing elit, sed do eiusmod tempor incididunt ut labore et dolore magna aliqua. Ut enim ad minim veniam, quis nostrud exercitation ullamco laboris nisi ut aliquip ex ea commodo consequat. Duis aute irure dolor in reprehenderit in voluptate velit esse cillum dolore eu fugiat nulla pariatur. Excepteur sint occaecat cupidatat non proident, sunt in culpa qui officia deserunt mollit anim id est laborum.	010-2217-9012	nara1002@example.com	f	2018-11-08 15:12:13+09
1	김건범	photos/2018/11/25/man-1.png	강남 부동산 점장 Lorem ipsum dolor sit amet, consectetur adipiscing elit, sed do eiusmod tempor incididunt ut labore et dolore magna aliqua. Ut enim ad minim veniam, quis nostrud exercitation ullamco laboris nisi ut aliquip ex ea commodo consequat. Duis aute irure dolor in reprehenderit in voluptate velit esse cillum dolore eu fugiat nulla pariatur. Excepteur sint occaecat cupidatat non proident, sunt in culpa qui officia deserunt mollit anim id est laborum.	010-7408-7329	gbkim1988@gmail.com	t	2018-11-25 15:02:02+09
2	정명훈	photos/2018/11/25/man.png	한강 부동산 대리 Lorem ipsum dolor sit amet, consectetur adipiscing elit, sed do eiusmod tempor incididunt ut labore et dolore magna aliqua. Ut enim ad minim veniam, quis nostrud exercitation ullamco laboris nisi ut aliquip ex ea commodo consequat. Duis aute irure dolor in reprehenderit in voluptate velit esse cillum dolore eu fugiat nulla pariatur. Excepteur sint occaecat cupidatat non proident, sunt in culpa qui officia deserunt mollit anim id est laborum.	010-4412-1121	myunghoon@example.com	t	2018-11-25 15:11:27+09
\.


--
-- Data for Name: listings_listing; Type: TABLE DATA; Schema: public; Owner: postgres
--

COPY public.listings_listing (id, title, address, city, state, zipcode, description, price, bedrooms, bathrooms, garage, sqft, lot_size, photo_main, photo_1, photo_2, photo_3, photo_4, photo_5, photo_6, is_published, list_date, realtor_id) FROM stdin;
1	독산동 1가 1002번지 독채	독산동 1가 1002번지	서울특별시	대한민국	02062	Lorem ipsum dolor sit amet, consectetur adipiscing elit, sed do eiusmod tempor incididunt ut labore et dolore magna aliqua. Ut enim ad minim veniam, quis nostrud exercitation ullamco laboris nisi ut aliquip ex ea commodo consequat. Duis aute irure dolor in reprehenderit in voluptate velit esse cillum dolore eu fugiat nulla pariatur. Excepteur sint occaecat cupidatat non proident, sunt in culpa qui officia deserunt mollit anim id est laborum.	490000	3	2.0	2	3928	2.3	photos/2018/11/25/home-1.jpg	photos/2018/11/25/home-inside-1.jpg	photos/2018/11/25/home-inside-2.jpg	photos/2018/11/25/home-inside-3.jpg	photos/2018/11/25/home-inside-4.jpg	photos/2018/11/25/home-inside-5.jpg	photos/2018/11/25/home-inside-6.jpg	t	2018-11-25 15:13:45+09	1
2	강남구 연남동 3가 독채	강남구 연남동 3가	서울특별시	대한민국	02161	Lorem ipsum dolor sit amet, consectetur adipiscing elit, sed do eiusmod tempor incididunt ut labore et dolore magna aliqua. Ut enim ad minim veniam, quis nostrud exercitation ullamco laboris nisi ut aliquip ex ea commodo consequat. Duis aute irure dolor in reprehenderit in voluptate velit esse cillum dolore eu fugiat nulla pariatur. Excepteur sint occaecat cupidatat non proident, sunt in culpa qui officia deserunt mollit anim id est laborum.	550000	4	2.5	1	3100	1.5	photos/2018/11/25/home-2.jpg	photos/2018/11/25/home-inside-1_1kJRydw.jpg	photos/2018/11/25/home-inside-2_1sS2PMK.jpg	photos/2018/11/25/home-inside-3_6sVBVMC.jpg				t	2018-11-25 15:16:09+09	2
3	동래구 사직3동 사직로 3가 독채	동래구 사직3동 사직로 3가	부산광역시	대한민국	01915	Lorem ipsum dolor sit amet, consectetur adipiscing elit, sed do eiusmod tempor incididunt ut labore et dolore magna aliqua. Ut enim ad minim veniam, quis nostrud exercitation ullamco laboris nisi ut aliquip ex ea commodo consequat. Duis aute irure dolor in reprehenderit in voluptate velit esse cillum dolore eu fugiat nulla pariatur. Excepteur sint occaecat cupidatat non proident, sunt in culpa qui officia deserunt mollit anim id est laborum.	580000	3	3.0	1	3400	1.0	photos/2018/11/25/home-3.jpg	photos/2018/11/25/home-inside-4_MnioSlF.jpg	photos/2018/11/25/home-inside-5_basiZxZ.jpg	photos/2018/11/25/home-inside-6_NliVmtp.jpg				t	2018-11-25 15:17:41+09	3
4	기린동 4가 52번지 독채	기린동 4가 52번지	충주시	대한민국	110121	Lorem ipsum dolor sit amet, consectetur adipiscing elit, sed do eiusmod tempor incididunt ut labore et dolore magna aliqua. Ut enim ad minim veniam, quis nostrud exercitation ullamco laboris nisi ut aliquip ex ea commodo consequat. Duis aute irure dolor in reprehenderit in voluptate velit esse cillum dolore eu fugiat nulla pariatur. Excepteur sint occaecat cupidatat non proident, sunt in culpa qui officia deserunt mollit anim id est laborum.	410000	3	1.0	3	1200	2.1	photos/2018/11/25/home-4.jpg	photos/2018/11/25/home-inside-2_b4YygUj.jpg	photos/2018/11/25/home-inside-3_X2x0nta.jpg	photos/2018/11/25/home-inside-1_0lvzE2a.jpg				t	2018-11-25 15:19:41+09	1
5	팔진구 팔사동 암사로 12가 독채	팔진구 팔사동 암사로 12가	팔도시	대한민국	31121	Lorem ipsum dolor sit amet, consectetur adipiscing elit, sed do eiusmod tempor incididunt ut labore et dolore magna aliqua. Ut enim ad minim veniam, quis nostrud exercitation ullamco laboris nisi ut aliquip ex ea commodo consequat. Duis aute irure dolor in reprehenderit in voluptate velit esse cillum dolore eu fugiat nulla pariatur. Excepteur sint occaecat cupidatat non proident, sunt in culpa qui officia deserunt mollit anim id est laborum.	92000	5	2.0	3	5400	6.2	photos/2018/11/25/home-5.jpg	photos/2018/11/25/home-inside-3_MTqnSUk.jpg	photos/2018/11/25/home-inside-6_mUjYStl.jpg	photos/2018/11/25/home-inside-2_CRPiD14.jpg				t	2018-11-25 15:20:56+09	2
6	발산구 체령동 양화23가 독채	발산구 체령동 양화23가	대령시	대한민국	00121	발산구 체령동 양화23가 독채가 나왔습니다. \r\n\r\n신한 주택담보 대출 가능	650000	10	5.0	2	5923	1.7	photos/2018/11/25/home-6.jpg	photos/2018/11/25/home-inside-3_kTnQHHk.jpg	photos/2018/11/25/home-inside-6_1Uv76tB.jpg	photos/2018/11/25/home-inside-2_wmPMRWz.jpg	photos/2018/11/25/home-inside-5_XIiu1AZ.jpg	photos/2018/11/25/home-inside-4_DEt7HXH.jpg		f	2018-11-25 15:22:17+09	1
\.


--
-- Name: auth_group_id_seq; Type: SEQUENCE SET; Schema: public; Owner: postgres
--

SELECT pg_catalog.setval('public.auth_group_id_seq', 1, false);


--
-- Name: auth_group_permissions_id_seq; Type: SEQUENCE SET; Schema: public; Owner: postgres
--

SELECT pg_catalog.setval('public.auth_group_permissions_id_seq', 1, false);


--
-- Name: auth_permission_id_seq; Type: SEQUENCE SET; Schema: public; Owner: postgres
--

SELECT pg_catalog.setval('public.auth_permission_id_seq', 32, true);


--
-- Name: auth_user_groups_id_seq; Type: SEQUENCE SET; Schema: public; Owner: postgres
--

SELECT pg_catalog.setval('public.auth_user_groups_id_seq', 1, false);


--
-- Name: auth_user_id_seq; Type: SEQUENCE SET; Schema: public; Owner: postgres
--

SELECT pg_catalog.setval('public.auth_user_id_seq', 1, true);


--
-- Name: auth_user_user_permissions_id_seq; Type: SEQUENCE SET; Schema: public; Owner: postgres
--

SELECT pg_catalog.setval('public.auth_user_user_permissions_id_seq', 1, false);


--
-- Name: django_admin_log_id_seq; Type: SEQUENCE SET; Schema: public; Owner: postgres
--

SELECT pg_catalog.setval('public.django_admin_log_id_seq', 18, true);


--
-- Name: django_content_type_id_seq; Type: SEQUENCE SET; Schema: public; Owner: postgres
--

SELECT pg_catalog.setval('public.django_content_type_id_seq', 8, true);


--
-- Name: django_migrations_id_seq; Type: SEQUENCE SET; Schema: public; Owner: postgres
--

SELECT pg_catalog.setval('public.django_migrations_id_seq', 17, true);


--
-- Name: listings_listing_id_seq; Type: SEQUENCE SET; Schema: public; Owner: postgres
--

SELECT pg_catalog.setval('public.listings_listing_id_seq', 6, true);


--
-- Name: realtors_realtor_id_seq; Type: SEQUENCE SET; Schema: public; Owner: postgres
--

SELECT pg_catalog.setval('public.realtors_realtor_id_seq', 3, true);


--
-- PostgreSQL database dump complete
--

